Workbook

Sheet TOTAL 
A1: month | B1: stage_sequance | C1: stage | D1: fish_number | E1: dead_fish_number | F1: current_fish_number | G1: loss_ratio | H1: total_loss_ratio
A2: 45901 | B2: 2 | C2: pre-grow | D2: 279036 | E2: =SEP_2025!$P2 -> 3738 | F2: ='TOTAL '!$D2-'TOTAL '!$E2 -> 275298 | G2: ='TOTAL '!$E2/'TOTAL '!$D2 -> 0.013396121 | H2: ='TOTAL '!$G2 -> 0.013396121
A3: 45931 | B3: 2 | C3: pre-grow | D3: =F2 -> 275298 | E3: =OCT_2025!$P$33 -> 3097 | F3: ='TOTAL '!$D3-'TOTAL '!$E3 -> 272201 | G3: ='TOTAL '!$E3/'TOTAL '!$D3 -> 0.011249628 | H3: =H2+'TOTAL '!$G3 -> 0.024645749
A4: 45962 | B4: 2 | C4: pre-grow | D4: =F3 -> 272201 | E4: =NOV_2025!$P$32 -> 1368 | F4: ='TOTAL '!$D4-'TOTAL '!$E4 -> 270833 | G4: ='TOTAL '!$E4/'TOTAL '!$D4 -> 0.0050256979 | H4: ='TOTAL '!$G4+H3 -> 0.029671447
A5: 45992 | B5: 2 | C5: pre-grow | D5: =F4 -> 270833 | E5: ='DEC_2025 '!$P$33 -> 2004 | F5: ='TOTAL '!$D5-'TOTAL '!$E5 -> 268829 | G5: ='TOTAL '!$E5/'TOTAL '!$D5 -> 0.0073993937 | H5: ='TOTAL '!$G5+H4 -> 0.03707084
A6: 46023 | B6: 2 | C6: pre-grow | D6: =F5 -> 268829 | E6: =JAN_2026!$P$33 -> 0 | F6: ='TOTAL '!$D6-'TOTAL '!$E6 -> 268829 | G6: ='TOTAL '!$E6/'TOTAL '!$D6 -> 0 | H6: ='TOTAL '!$G6+H5 -> 0.03707084

Sheet SEP_2025
A1: date | B1: tank_a1 | C1: tank_a2 | D1: tank_a3 | E1: tank_a4 | F1: tank_a5 | G1: tank_a6 | H1: tank_a7 | I1: tank_b1 | J1: tank_b2 | K1: tank_b3 | L1: tank_b4 | M1: tank_b5 | N1: tank_b6 | O1: tank_b7 | P1: total
A2: TOTAL OF THE MONTH | B2: 48 | C2: 36 | D2: 436 | E2: 164 | F2: 39 | G2: 1892 | H2: 18 | I2: 852 | J2: 21 | K2: 47 | L2: 8 | M2: 48 | N2: 111 | O2: 18 | P2: =SUM(SEP_2025!$B2:$O2) -> 3738

Sheet OCT_2025
A1: date | B1: tank_a1 | C1: tank_a2 | D1: tank_a3 | E1: tank_a4 | F1: tank_a5 | G1: tank_a6 | H1: tank_a7 | I1: tank_b1 | J1: tank_b2 | K1: tank_b3 | L1: tank_b4 | M1: tank_b5 | N1: tank_b6 | O1: tank_b7 | P1: daily_total
A2: 45931 | B2: 16 | C2: 21 | D2: 159 | E2: 83 | F2: 8 | G2: 1068 | H2: 10 | I2: 377 | J2: 4 | K2: 4 | L2: 13 | M2: 7 | N2: 6 | O2: 31 | P2: =SUM(OCT_2025!$B2:$O2) -> 1807
A3: 45932 | B3: 1 | C3: 1 | D3: 4 | E3: 121 | F3: 1 | G3: 13 | H3: 4 | I3: 51 | J3: 3 | K3: 0 | L3: 17 | M3: 7 | N3: 18 | O3: 0 | P3: =SUM(OCT_2025!$B3:$O3) -> 241
A4: 45933 | B4: 2 | C4: 3 | D4: 6 | E4: 10 | F4: 1 | G4: 7 | H4: 2 | I4: 16 | J4: 2 | K4: 1 | L4: 1 | M4: 3 | N4: 0 | O4: 3 | P4: =SUM(OCT_2025!$B4:$O4) -> 57
A5: 45934 | B5: 0 | C5: 1 | D5: 2 | E5: 2 | F5: 4 | G5: 1 | H5: 0 | I5: 2 | J5: 2 | K5: 1 | L5: 1 | M5: 1 | N5: 3 | O5: 2 | P5: =SUM(OCT_2025!$B5:$O5) -> 22
A6: 45935 | B6: 2 | C6: 1 | D6: 1 | E6: 0 | F6: 1 | G6: 0 | H6: 0 | I6: 1 | J6: 2 | K6: 1 | L6: 1 | M6: 0 | N6: 0 | O6: 1 | P6: =SUM(OCT_2025!$B6:$O6) -> 11
A7: 45936 | B7: 0 | C7: 0 | D7: 0 | E7: 0 | F7: 0 | G7: 1 | H7: 0 | I7: 0 | J7: 0 | K7: 0 | L7: 0 | M7: 0 | N7: 2 | O7: 0 | P7: =SUM(OCT_2025!$B7:$O7) -> 3
A8: 45937 | B8: 0 | C8: 0 | D8: 0 | E8: 0 | F8: 0 | G8: 0 | H8: 0 | I8: 0 | J8: 0 | K8: 0 | L8: 0 | M8: 0 | N8: 0 | O8: 1 | P8: =SUM(OCT_2025!$B8:$O8) -> 1
A9: 45938 | B9: 0 | C9: 1 | D9: 0 | E9: 0 | F9: 0 | G9: 1 | H9: 2 | I9: 1 | J9: 0 | K9: 3 | L9: 2 | M9: 0 | N9: 0 | O9: 1 | P9: =SUM(OCT_2025!$B9:$O9) -> 11
A10: 45939 | B10: 3 | C10: 2 | D10: 1 | E10: 2 | F10: 1 | G10: 1 | H10: 0 | I10: 0 | J10: 2 | K10: 0 | L10: 1 | M10: 2 | N10: 4 | O10: 2 | P10: =SUM(OCT_2025!$B10:$O10) -> 21
A11: 45940 | B11: 0 | C11: 0 | D11: 0 | E11: 0 | F11: 0 | G11: 0 | H11: 1 | I11: 1 | J11: 5 | K11: 2 | L11: 1 | M11: 3 | N11: 2 | O11: 2 | P11: =SUM(OCT_2025!$B11:$O11) -> 17
A12: 45941 | B12: 0 | C12: 0 | D12: 0 | E12: 0 | F12: 1 | G12: 0 | H12: 0 | I12: 0 | J12: 2 | K12: 0 | L12: 0 | M12: 0 | N12: 0 | O12: 0 | P12: =SUM(OCT_2025!$B12:$O12) -> 3
A13: 45942 | B13: 0 | C13: 0 | D13: 0 | E13: 0 | F13: 0 | G13: 0 | H13: 0 | I13: 0 | J13: 0 | K13: 0 | L13: 0 | M13: 1 | N13: 0 | O13: 1 | P13: =SUM(OCT_2025!$B13:$O13) -> 2
... A32: 45961 | B32: 0 | C32: 0 | D32: 0 | E32: 0 | F32: 1 | G32: 0 | H32: 0 | I32: 0 | J32: 1 | K32: 0 | L32: 0 | M32: 0 | N32: 3 | O32: 0 | P32: =SUM(OCT_2025!$B32:$O32) -> 5
A33: Total | B33: =SUBTOTAL(109,OCT_2025!$B$2:$B$32) -> 39 | C33: =SUBTOTAL(109,OCT_2025!$C$2:$C$32) -> 39 | D33: =SUBTOTAL(109,OCT_2025!$D$2:$D$32) -> 178 | E33: =SUBTOTAL(109,OCT_2025!$E$2:$E$32) -> 226 | F33: =SUBTOTAL(109,OCT_2025!$F$2:$F$32) -> 468 | G33: =SUBTOTAL(109,OCT_2025!$G$2:$G$32) -> 1101 | H33: =SUBTOTAL(109,OCT_2025!$H$2:$H$32) -> 27 | I33: =SUBTOTAL(109,OCT_2025!$I$2:$I$32) -> 461 | J33: =SUBTOTAL(109,OCT_2025!$J$2:$J$32) -> 165 | K33: =SUBTOTAL(109,OCT_2025!$K$2:$K$32) -> 20 | L33: =SUBTOTAL(109,OCT_2025!$L$2:$L$32) -> 54 | M33: =SUBTOTAL(109,OCT_2025!$M$2:$M$32) -> 44 | N33: =SUBTOTAL(109,OCT_2025!$N$2:$N$32) -> 213 | O33: =SUBTOTAL(109,OCT_2025!$O$2:$O$32) -> 62 | P33: =SUBTOTAL(109,OCT_2025!$P$2:$P$32) -> 3097

Sheet NOV_2025
A1: date | B1: tank_a1 | C1: tank_a2 | D1: tank_a3 | E1: tank_a4 | F1: tank_a5 | G1: tank_a6 | H1: tank_a7 | I1: tank_b1 | J1: tank_b2 | K1: tank_b3 | L1: tank_b4 | M1: tank_b5 | N1: tank_b6 | O1: tank_b7 | P1: daily_total
A2: 45962 | B2: 0 | C2: 0 | D2: 2 | E2: 1 | F2: 0 | G2: 0 | H2: 5 | I2: 0 | J2: 4 | K2: 0 | L2: 1 | M2: 2 | N2: 4 | O2: 0 | P2: =SUM(NOV_2025!$B2:$O2) -> 19
A3: 45963 | B3: 0 | C3: 0 | D3: 0 | E3: 0 | F3: 0 | G3: 0 | H3: 2 | I3: 0 | J3: 8 | K3: 0 | L3: 0 | M3: 0 | N3: 7 | O3: 1 | P3: =SUM(NOV_2025!$B3:$O3) -> 18
A4: 45964 | B4: 0 | C4: 2 | D4: 3 | E4: 1 | F4: 5 | G4: 0 | H4: 10 | I4: 0 | J4: 14 | K4: 1 | L4: 0 | M4: 0 | N4: 18 | O4: 5 | P4: =SUM(NOV_2025!$B4:$O4) -> 59
A5: 45965 | B5: 0 | C5: 0 | D5: 9 | E5: 0 | F5: 5 | G5: 1 | H5: 2 | I5: 1 | J5: 7 | K5: 3 | L5: 4 | M5: 5 | N5: 14 | O5: 1 | P5: =SUM(NOV_2025!$B5:$O5) -> 52
A6: 45966 | B6: 2 | C6: 0 | D6: 5 | E6: 0 | F6: 3 | G6: 0 | H6: 0 | I6: 2 | J6: 13 | K6: 0 | L6: 1 | M6: 2 | N6: 8 | O6: 4 | P6: =SUM(NOV_2025!$B6:$O6) -> 40
A7: 45967 | B7: 1 | C7: 2 | D7: 1 | E7: 0 | F7: 1 | G7: 0 | H7: 0 | I7: 3 | J7: 3 | K7: 0 | L7: 0 | M7: 0 | N7: 2 | O7: 1 | P7: =SUM(NOV_2025!$B7:$O7) -> 14
A8: 45968 | B8: 0 | C8: 0 | D8: 0 | E8: 1 | F8: 0 | G8: 0 | H8: 0 | I8: 0 | J8: 2 | K8: 0 | L8: 0 | M8: 0 | N8: 0 | O8: 0 | P8: =SUM(NOV_2025!$B8:$O8) -> 3
A9: 45969 | B9: 0 | C9: 0 | D9: 1 | E9: 0 | F9: 5 | G9: 0 | H9: 3 | I9: 0 | J9: 10 | K9: 0 | L9: 0 | M9: 1 | N9: 7 | O9: 2 | P9: =SUM(NOV_2025!$B9:$O9) -> 29
A10: 45970 | B10: 0 | C10: 0 | D10: 3 | E10: 4 | F10: 6 | G10: 0 | H10: 0 | I10: 0 | J10: 4 | K10: 0 | L10: 0 | M10: 2 | N10: 8 | O10: 2 | P10: =SUM(NOV_2025!$B10:$O10) -> 29
A11: 45971 | B11: 0 | C11: 0 | D11: 0 | E11: 0 | F11: 0 | G11: 2 | H11: 0 | I11: 1 | J11: 2 | K11: 1 | L11: 1 | M11: 0 | N11: 5 | O11: 0 | P11: =SUM(NOV_2025!$B11:$O11) -> 12
A12: 45972 | B12: 0 | C12: 0 | D12: 1 | E12: 1 | F12: 0 | G12: 0 | H12: 0 | I12: 0 | J12: 4 | K12: 0 | L12: 1 | M12: 1 | N12: 12 | O12: 0 | P12: =SUM(NOV_2025!$B12:$O12) -> 20
A13: 45973 | B13: 1 | C13: 0 | D13: 0 | E13: 0 | F13: 0 | G13: 0 | H13: 0 | I13: 0 | J13: 1 | K13: 0 | L13: 0 | M13: 0 | N13: 2 | O13: 0 | P13: =SUM(NOV_2025!$B13:$O13) -> 4
... A31: 45991 | B31: 2 | C31: 3 | D31: 1 | E31: 2 | F31: 3 | G31: 0 | H31: 0 | I31: 1 | J31: 1 | K31: 0 | L31: 0 | M31: 0 | N31: 2 | O31: 2 | P31: =SUM(NOV_2025!$B31:$O31) -> 17
A32: Total | B32: =SUBTOTAL(109,NOV_2025!$B$2:$B$31) -> 23 | C32: =SUBTOTAL(109,NOV_2025!$C$2:$C$31) -> 21 | D32: =SUBTOTAL(109,NOV_2025!$D$2:$D$31) -> 59 | E32: =SUBTOTAL(109,NOV_2025!$E$2:$E$31) -> 26 | F32: =SUBTOTAL(109,NOV_2025!$F$2:$F$31) -> 84 | G32: =SUBTOTAL(109,NOV_2025!$G$2:$G$31) -> 8 | H32: =SUBTOTAL(109,NOV_2025!$H$2:$H$31) -> 31 | I32: =SUBTOTAL(109,NOV_2025!$I$2:$I$31) -> 11 | J32: =SUBTOTAL(109,NOV_2025!$J$2:$J$31) -> 129 | K32: =SUBTOTAL(109,NOV_2025!$K$2:$K$31) -> 12 | L32: =SUBTOTAL(109,NOV_2025!$L$2:$L$31) -> 28 | M32: =SUBTOTAL(109,NOV_2025!$M$2:$M$31) -> 786 | N32: =SUBTOTAL(109,NOV_2025!$N$2:$N$31) -> 123 | O32: =SUBTOTAL(109,NOV_2025!$O$2:$O$31) -> 27 | P32: =SUBTOTAL(109,NOV_2025!$P$2:$P$31) -> 1368

Sheet DEC_2025 
A1: date | B1: tank_a1 | C1: tank_a2 | D1: tank_a3 | E1: tank_a4 | F1: tank_a5 | G1: tank_a6 | H1: tank_a7 | I1: tank_b1 | J1: tank_b2 | K1: tank_b3 | L1: tank_b4 | M1: tank_b5 | N1: tank_b6 | O1: tank_b7 | P1: daily_total
A2: 45992 | B2: 0 | C2: 1 | D2: 0 | E2: 1 | F2: 0 | G2: 1 | H2: 0 | I2: 0 | J2: 0 | K2: 0 | L2: 0 | M2: 0 | N2: 0 | O2: 0 | P2: =SUM('DEC_2025 '!$B2:$O2) -> 3
A3: 45993 | B3: 6 | C3: 0 | D3: 4 | E3: 0 | F3: 17 | G3: 0 | H3: 2 | I3: 2 | J3: 0 | K3: 5 | L3: 1 | M3: 2 | N3: 1 | O3: 0 | P3: =SUM('DEC_2025 '!$B3:$O3) -> 40
A4: 45994 | B4: 1 | C4: 0 | D4: 0 | E4: 1 | F4: 8 | G4: 0 | H4: 0 | I4: 0 | J4: 1 | K4: 0 | L4: 0 | M4: 0 | N4: 3 | O4: 1 | P4: =SUM('DEC_2025 '!$B4:$O4) -> 15
A5: 45995 | B5: 17 | C5: 0 | D5: 0 | E5: 0 | F5: 12 | G5: 2 | H5: 0 | I5: 2 | J5: 3 | K5: 4 | L5: 0 | M5: 3 | N5: 5 | O5: 0 | P5: =SUM('DEC_2025 '!$B5:$O5) -> 48
A6: 45996 | B6: 0 | C6: 0 | D6: 0 | E6: 0 | F6: 0 | G6: 0 | H6: 0 | I6: 0 | J6: 0 | K6: 0 | L6: 0 | M6: 0 | N6: 0 | O6: 0 | P6: =SUM('DEC_2025 '!$B6:$O6) -> 0
A7: 45997 | B7: 25 | C7: 1 | D7: 0 | E7: 0 | F7: 16 | G7: 1 | H7: 1 | I7: 0 | J7: 9 | K7: 1 | L7: 0 | M7: 1 | N7: 3 | O7: 1 | P7: =SUM('DEC_2025 '!$B7:$O7) -> 59
A8: 45998 | B8: 16 | C8: 2 | D8: 0 | E8: 1 | F8: 2 | G8: 0 | H8: 0 | I8: 0 | J8: 12 | K8: 0 | L8: 0 | M8: 1 | N8: 3 | O8: 1 | P8: =SUM('DEC_2025 '!$B8:$O8) -> 38
A9: 45999 | B9: 26 | C9: 1 | D9: 0 | E9: 0 | F9: 8 | G9: 0 | H9: 0 | I9: 1 | J9: 6 | K9: 2 | L9: 0 | M9: 0 | N9: 1 | O9: 1 | P9: =SUM('DEC_2025 '!$B9:$O9) -> 46
A10: 46000 | B10: 25 | C10: 1 | D10: 0 | E10: 0 | F10: 3 | G10: 0 | H10: 1 | I10: 1 | J10: 5 | K10: 0 | L10: 1 | M10: 0 | N10: 0 | O10: 0 | P10: =SUM('DEC_2025 '!$B10:$O10) -> 37
A11: 46001 | B11: 27 | C11: 0 | D11: 1 | E11: 1 | F11: 5 | G11: 0 | H11: 2 | I11: 0 | J11: 4 | K11: 0 | L11: 0 | M11: 1 | N11: 1 | O11: 0 | P11: =SUM('DEC_2025 '!$B11:$O11) -> 42
A12: 46002 | B12: 29 | C12: 0 | D12: 1 | E12: 1 | F12: 2 | G12: 0 | H12: 0 | I12: 0 | J12: 1 | K12: 2 | L12: 1 | M12: 0 | N12: 0 | O12: 2 | P12: =SUM('DEC_2025 '!$B12:$O12) -> 39
A13: 46003 | B13: 0 | C13: 0 | D13: 0 | E13: 0 | F13: 0 | G13: 0 | H13: 0 | I13: 0 | J13: 0 | K13: 0 | L13: 0 | M13: 0 | N13: 0 | O13: 0 | P13: =SUM('DEC_2025 '!$B13:$O13) -> 0
... A32: 46022 | B32: 40 | C32: 55 | D32: 41 | E32: 17 | F32: 21 | G32: 3 | H32: 16 | I32: 1 | J32: 2 | K32: 1 | L32: 1 | M32: 3 | N32: 7 | O32: 4 | P32: =SUM('DEC_2025 '!$B32:$O32) -> 212
A33: Total | B33: =SUBTOTAL(109,'DEC_2025 '!$B$2:$B$32) -> 1158 | C33: =SUBTOTAL(109,'DEC_2025 '!$C$2:$C$32) -> 260 | D33: =SUBTOTAL(109,'DEC_2025 '!$D$2:$D$32) -> 115 | E33: =SUBTOTAL(109,'DEC_2025 '!$E$2:$E$32) -> 55 | F33: =SUBTOTAL(109,'DEC_2025 '!$F$2:$F$32) -> 198 | G33: =SUBTOTAL(109,'DEC_2025 '!$G$2:$G$32) -> 13 | H33: =SUBTOTAL(109,'DEC_2025 '!$H$2:$H$32) -> 27 | I33: =SUBTOTAL(109,'DEC_2025 '!$I$2:$I$32) -> 11 | J33: =SUBTOTAL(109,'DEC_2025 '!$J$2:$J$32) -> 64 | K33: =SUBTOTAL(109,'DEC_2025 '!$K$2:$K$32) -> 25 | L33: =SUBTOTAL(109,'DEC_2025 '!$L$2:$L$32) -> 8 | M33: =SUBTOTAL(109,'DEC_2025 '!$M$2:$M$32) -> 14 | N33: =SUBTOTAL(109,'DEC_2025 '!$N$2:$N$32) -> 36 | O33: =SUBTOTAL(109,'DEC_2025 '!$O$2:$O$32) -> 20 | P33: =SUBTOTAL(109,'DEC_2025 '!$P$2:$P$32) -> 2004

Sheet JAN_2026
A1: date | B1: tank_a1 | C1: tank_a2 | D1: tank_a3 | E1: tank_a4 | F1: tank_a5 | G1: tank_a6 | H1: tank_a7 | I1: tank_b1 | J1: tank_b2 | K1: tank_b3 | L1: tank_b4 | M1: tank_b5 | N1: tank_b6 | O1: tank_b7 | P1: daily_total
A2: 45658 | P2: =SUM(JAN_2026!$B2:$O2) -> 0
A3: 45659 | P3: =SUM(JAN_2026!$B3:$O3) -> 0
A4: 45660 | P4: =SUM(JAN_2026!$B4:$O4) -> 0
A5: 45661 | P5: =SUM(JAN_2026!$B5:$O5) -> 0
A6: 45662 | P6: =SUM(JAN_2026!$B6:$O6) -> 0
A7: 45663 | P7: =SUM(JAN_2026!$B7:$O7) -> 0
A8: 45664 | P8: =SUM(JAN_2026!$B8:$O8) -> 0
A9: 45665 | P9: =SUM(JAN_2026!$B9:$O9) -> 0
A10: 45666 | P10: =SUM(JAN_2026!$B10:$O10) -> 0
A11: 45667 | P11: =SUM(JAN_2026!$B11:$O11) -> 0
A12: 45668 | P12: =SUM(JAN_2026!$B12:$O12) -> 0
A13: 45669 | P13: =SUM(JAN_2026!$B13:$O13) -> 0
... A32: 45688 | P32: =SUM(JAN_2026!$B32:$O32) -> 0
A33: Total | B33: =SUBTOTAL(109,JAN_2026!$B$2:$B$32) -> 0 | C33: =SUBTOTAL(109,JAN_2026!$C$2:$C$32) -> 0 | D33: =SUBTOTAL(109,JAN_2026!$D$2:$D$32) -> 0 | E33: =SUBTOTAL(109,JAN_2026!$E$2:$E$32) -> 0 | F33: =SUBTOTAL(109,JAN_2026!$F$2:$F$32) -> 0 | G33: =SUBTOTAL(109,JAN_2026!$G$2:$G$32) -> 0 | H33: =SUBTOTAL(109,JAN_2026!$H$2:$H$32) -> 0 | I33: =SUBTOTAL(109,JAN_2026!$I$2:$I$32) -> 0 | J33: =SUBTOTAL(109,JAN_2026!$J$2:$J$32) -> 0 | K33: =SUBTOTAL(109,JAN_2026!$K$2:$K$32) -> 0 | L33: =SUBTOTAL(109,JAN_2026!$L$2:$L$32) -> 0 | M33: =SUBTOTAL(109,JAN_2026!$M$2:$M$32) -> 0 | N33: =SUBTOTAL(109,JAN_2026!$N$2:$N$32) -> 0 | O33: =SUBTOTAL(109,JAN_2026!$O$2:$O$32) -> 0 | P33: =SUBTOTAL(109,JAN_2026!$P$2:$P$32) -> 0

Sheet FEB_2026
A1: date | B1: tank_a1 | C1: tank_a2 | D1: tank_a3 | E1: tank_a4 | F1: tank_a5 | G1: tank_a6 | H1: tank_a7 | I1: tank_b1 | J1: tank_b2 | K1: tank_b3 | L1: tank_b4 | M1: tank_b5 | N1: tank_b6 | O1: tank_b7 | P1: daily_total
A2: 45689 | P2: =SUM(FEB_2026!$B2:$O2) -> 0
A3: 45690 | P3: =SUM(FEB_2026!$B3:$O3) -> 0
A4: 45691 | P4: =SUM(FEB_2026!$B4:$O4) -> 0
A5: 45692 | P5: =SUM(FEB_2026!$B5:$O5) -> 0
A6: 45693 | P6: =SUM(FEB_2026!$B6:$O6) -> 0
A7: 45694 | P7: =SUM(FEB_2026!$B7:$O7) -> 0
A8: 45695 | P8: =SUM(FEB_2026!$B8:$O8) -> 0
A9: 45696 | P9: =SUM(FEB_2026!$B9:$O9) -> 0
A10: 45697 | P10: =SUM(FEB_2026!$B10:$O10) -> 0
A11: 45698 | P11: =SUM(FEB_2026!$B11:$O11) -> 0
A12: 45699 | P12: =SUM(FEB_2026!$B12:$O12) -> 0
A13: 45700 | P13: =SUM(FEB_2026!$B13:$O13) -> 0
... A29: 45716 | P29: =SUM(FEB_2026!$B29:$O29) -> 0
A30: Total | B30: =SUBTOTAL(109,FEB_2026!$B$2:$B$29) -> 0 | C30: =SUBTOTAL(109,FEB_2026!$C$2:$C$29) -> 0 | D30: =SUBTOTAL(109,FEB_2026!$D$2:$D$29) -> 0 | E30: =SUBTOTAL(109,FEB_2026!$E$2:$E$29) -> 0 | F30: =SUBTOTAL(109,FEB_2026!$F$2:$F$29) -> 0 | G30: =SUBTOTAL(109,FEB_2026!$G$2:$G$29) -> 0 | H30: =SUBTOTAL(109,FEB_2026!$H$2:$H$29) -> 0 | I30: =SUBTOTAL(109,FEB_2026!$I$2:$I$29) -> 0 | J30: =SUBTOTAL(109,FEB_2026!$J$2:$J$29) -> 0 | K30: =SUBTOTAL(109,FEB_2026!$K$2:$K$29) -> 0 | L30: =SUBTOTAL(109,FEB_2026!$L$2:$L$29) -> 0 | M30: =SUBTOTAL(109,FEB_2026!$M$2:$M$29) -> 0 | N30: =SUBTOTAL(109,FEB_2026!$N$2:$N$29) -> 0 | O30: =SUBTOTAL(109,FEB_2026!$O$2:$O$29) -> 0 | P30: =SUBTOTAL(109,FEB_2026!$P$2:$P$29) -> 0
